url_path,views_total,views_unique
/jongpie/NebulaCacheManager,31,15
/jongpie/NebulaCacheManager/tree/main/nebula-cache-manager,12,1
/jongpie/NebulaCacheManager/tree/main/nebula-cache-manager/core,6,1
/jongpie/NebulaCacheManager/tree/main/nebula-cache-manager/core/classes,5,1
/jongpie/NebulaCacheManager/blob/main/LICENSE,4,1
/jongpie/NebulaCacheManager/blob/main/nebula-cache-manager/core/classes/CacheManager.cls,4,1
/jongpie/NebulaCacheManager/tree/main/nebula-cache-manager/recipes,4,1
/jongpie/NebulaCacheManager/tree/main/nebula-cache-manager/recipes/classes,4,1
/jongpie/NebulaCacheManager/releases,1,1
/jongpie/NebulaCacheManager/tree/main,1,1
